minecraft,en_us,zh_cn
@woods,@Woods,@木材
stripped_cherry_log,Stripped Cherry Log,去皮樱花原木
stripped_cherry_wood,Stripped Cherry Wood,去皮樱花木
cherry_log,Cherry Log,樱花原木
cherry_wood,Cherry Wood,樱花木
cherry_planks,Cherry Planks,樱花木板
cherry_slab,Cherry Slab,樱花木台阶
cherry_stairs,Cherry Stairs,樱花木楼梯
cherry_trapdoor,Cherry Trapdoor,樱花木活板门
cherry_door,Cherry Door,樱花木门
cherry_fence,Cherry Fence,樱花木栅栏
cherry_fence_gate,Cherry Fence Gate,樱花木栅栏门
cherry_shelf,Cherry Shelf,樱花木展示架
cherry_sign,Cherry Sign,樱花木告示牌
cherry_hanging_sign,Cherry Hanging Sign,悬挂式樱花木告示牌
cherry_wall_sign,Cherry Wall Sign,墙上的樱花木告示牌
cherry_wall_hanging_sign,Cherry Wall Hanging Sign,墙上的悬挂式樱花木告示牌
cherry_button,Cherry Button,樱花木按钮
cherry_pressure_plate,Cherry Pressure Plate,樱花木压力板
,,
stripped_acacia_log,Stripped Acacia Log,去皮金合欢原木
stripped_acacia_wood,Stripped Acacia Wood,去皮金合欢木
acacia_log,Acacia Log,金合欢原木
acacia_wood,Acacia Wood,金合欢木
acacia_planks,Acacia Planks,金合欢木板
acacia_slab,Acacia Slab,金合欢木台阶
acacia_stairs,Acacia Stairs,金合欢木楼梯
acacia_trapdoor,Acacia Trapdoor,金合欢木活板门
acacia_door,Acacia Door,金合欢木门
acacia_fence,Acacia Fence,金合欢木栅栏
acacia_fence_gate,Acacia Fence Gate,金合欢木栅栏门
acacia_shelf,Acacia Shelf,金合欢木展示架
acacia_sign,Acacia Sign,金合欢木告示牌
acacia_hanging_sign,Acacia Hanging Sign,悬挂式金合欢木告示牌
acacia_wall_sign,Acacia Wall Sign,墙上的金合欢木告示牌
acacia_wall_hanging_sign,Acacia Wall Hanging Sign,墙上的悬挂式金合欢木告示牌
acacia_button,Acacia Button,金合欢木按钮
acacia_pressure_plate,Acacia Pressure Plate,金合欢木压力板
,,
stripped_pale_oak_log,Stripped Pale Oak Log,去皮苍白橡木原木
stripped_pale_oak_wood,Stripped Pale Oak Wood,去皮苍白橡木
pale_oak_log,Pale Oak Log,苍白橡木原木
pale_oak_wood,Pale Oak Wood,苍白橡木
pale_oak_planks,Pale Oak Planks,苍白橡木木板
pale_oak_slab,Pale Oak Slab,苍白橡木台阶
pale_oak_stairs,Pale Oak Stairs,苍白橡木楼梯
pale_oak_trapdoor,Pale Oak Trapdoor,苍白橡木活板门
pale_oak_door,Pale Oak Door,苍白橡木门
pale_oak_fence,Pale Oak Fence,苍白橡木栅栏
pale_oak_fence_gate,Pale Oak Fence Gate,苍白橡木栅栏门
pale_oak_shelf,Pale Oak Shelf,苍白橡木展示架
pale_oak_sign,Pale Oak Sign,苍白橡木告示牌
pale_oak_hanging_sign,Pale Oak Hanging Sign,悬挂式苍白橡木告示牌
pale_oak_wall_sign,Pale Oak Wall Sign,墙上的苍白橡木告示牌
pale_oak_wall_hanging_sign,Pale Oak Wall Hanging Sign,墙上的悬挂式苍白橡木告示牌
pale_oak_button,Pale Oak Button,苍白橡木按钮
pale_oak_pressure_plate,Pale Oak Pressure Plate,苍白橡木压力板
,,
stripped_birch_log,Stripped Birch Log,去皮白桦原木
stripped_birch_wood,Stripped Birch Wood,去皮白桦木
birch_log,Birch Log,白桦原木
birch_wood,Birch Wood,白桦木
birch_planks,Birch Planks,白桦木板
birch_slab,Birch Slab,白桦木台阶
birch_stairs,Birch Stairs,白桦木楼梯
birch_trapdoor,Birch Trapdoor,白桦木活板门
birch_door,Birch Door,白桦木门
birch_fence,Birch Fence,白桦木栅栏
birch_fence_gate,Birch Fence Gate,白桦木栅栏门
birch_shelf,Birch Shelf,白桦木展示架
birch_sign,Birch Sign,白桦木告示牌
birch_hanging_sign,Birch Hanging Sign,悬挂式白桦木告示牌
birch_wall_sign,Birch Wall Sign,墙上的白桦木告示牌
birch_wall_hanging_sign,Birch Wall Hanging Sign,墙上的悬挂式白桦木告示牌
birch_button,Birch Button,白桦木按钮
birch_pressure_plate,Birch Pressure Plate,白桦木压力板
,,
stripped_oak_log,Stripped Oak Log,去皮橡木原木
stripped_oak_wood,Stripped Oak Wood,去皮橡木
oak_log,Oak Log,橡木原木
oak_wood,Oak Wood,橡木
oak_planks,Oak Planks,橡木木板
oak_slab,Oak Slab,橡木台阶
oak_stairs,Oak Stairs,橡木楼梯
oak_trapdoor,Oak Trapdoor,橡木活板门
oak_door,Oak Door,橡木门
oak_fence,Oak Fence,橡木栅栏
oak_fence_gate,Oak Fence Gate,橡木栅栏门
oak_shelf,Oak Shelf,橡木展示架
oak_sign,Oak Sign,橡木告示牌
oak_hanging_sign,Oak Hanging Sign,悬挂式橡木告示牌
oak_wall_sign,Oak Wall Sign,墙上的橡木告示牌
oak_wall_hanging_sign,Oak Wall Hanging Sign,墙上的悬挂式橡木告示牌
oak_button,Oak Button,橡木按钮
oak_pressure_plate,Oak Pressure Plate,橡木压力板
,,
stripped_jungle_log,Stripped Jungle Log,去皮丛林原木
stripped_jungle_wood,Stripped Jungle Wood,去皮丛林木
jungle_log,Jungle Log,丛林原木
jungle_wood,Jungle Wood,丛林木
jungle_planks,Jungle Planks,丛林木板
jungle_slab,Jungle Slab,丛林木台阶
jungle_stairs,Jungle Stairs,丛林木楼梯
jungle_trapdoor,Jungle Trapdoor,丛林木活板门
jungle_door,Jungle Door,丛林木门
jungle_fence,Jungle Fence,丛林木栅栏
jungle_fence_gate,Jungle Fence Gate,丛林木栅栏门
jungle_shelf,Jungle Shelf,丛林木展示架
jungle_sign,Jungle Sign,丛林木告示牌
jungle_hanging_sign,Jungle Hanging Sign,悬挂式丛林木告示牌
jungle_wall_sign,Jungle Wall Sign,墙上的丛林木告示牌
jungle_wall_hanging_sign,Jungle Wall Hanging Sign,墙上的悬挂式丛林木告示牌
jungle_button,Jungle Button,丛林木按钮
jungle_pressure_plate,Jungle Pressure Plate,丛林木压力板
,,
stripped_spruce_log,Stripped Spruce Log,去皮云杉原木
stripped_spruce_wood,Stripped Spruce Wood,去皮云杉木
spruce_log,Spruce Log,云杉原木
spruce_wood,Spruce Wood,云杉木
spruce_planks,Spruce Planks,云杉木板
spruce_slab,Spruce Slab,云杉木台阶
spruce_stairs,Spruce Stairs,云杉木楼梯
spruce_trapdoor,Spruce Trapdoor,云杉木活板门
spruce_door,Spruce Door,云杉木门
spruce_fence,Spruce Fence,云杉木栅栏
spruce_fence_gate,Spruce Fence Gate,云杉木栅栏门
spruce_shelf,Spruce Shelf,云杉木展示架
spruce_sign,Spruce Sign,云杉木告示牌
spruce_hanging_sign,Spruce Hanging Sign,悬挂式云杉木告示牌
spruce_wall_sign,Spruce Wall Sign,墙上的云杉木告示牌
spruce_wall_hanging_sign,Spruce Wall Hanging Sign,墙上的悬挂式云杉木告示牌
spruce_button,Spruce Button,云杉木按钮
spruce_pressure_plate,Spruce Pressure Plate,云杉木压力板
,,
stripped_dark_oak_log,Stripped Dark Oak Log,去皮深色橡木原木
stripped_dark_oak_wood,Stripped Dark Oak Wood,去皮深色橡木
dark_oak_log,Dark Oak Log,深色橡木原木
dark_oak_wood,Dark Oak Wood,深色橡木
dark_oak_planks,Dark Oak Planks,深色橡木木板
dark_oak_slab,Dark Oak Slab,深色橡木台阶
dark_oak_stairs,Dark Oak Stairs,深色橡木楼梯
dark_oak_trapdoor,Dark Oak Trapdoor,深色橡木活板门
dark_oak_door,Dark Oak Door,深色橡木门
dark_oak_fence,Dark Oak Fence,深色橡木栅栏
dark_oak_fence_gate,Dark Oak Fence Gate,深色橡木栅栏门
dark_oak_shelf,Dark Oak Shelf,深色橡木展示架
dark_oak_sign,Dark Oak Sign,深色橡木告示牌
dark_oak_hanging_sign,Dark Oak Hanging Sign,悬挂式深色橡木告示牌
dark_oak_wall_sign,Dark Oak Wall Sign,墙上的深色橡木告示牌
dark_oak_wall_hanging_sign,Dark Oak Wall Hanging Sign,墙上的悬挂式深色橡木告示牌
dark_oak_button,Dark Oak Button,深色橡木按钮
dark_oak_pressure_plate,Dark Oak Pressure Plate,深色橡木压力板
,,
stripped_mangrove_log,Stripped Mangrove Log,去皮红树原木
stripped_mangrove_wood,Stripped Mangrove Wood,去皮红树木
mangrove_log,Mangrove Log,红树原木
mangrove_wood,Mangrove Wood,红树木
mangrove_planks,Mangrove Planks,红树木板
mangrove_slab,Mangrove Slab,红树木台阶
mangrove_stairs,Mangrove Stairs,红树木楼梯
mangrove_trapdoor,Mangrove Trapdoor,红树木活板门
mangrove_door,Mangrove Door,红树木门
mangrove_fence,Mangrove Fence,红树木栅栏
mangrove_fence_gate,Mangrove Fence Gate,红树木栅栏门
mangrove_shelf,Mangrove Shelf,红树木展示架
mangrove_sign,Mangrove Sign,红树木告示牌
mangrove_hanging_sign,Mangrove Hanging Sign,悬挂式红树木告示牌
mangrove_wall_sign,Mangrove Wall Sign,墙上的红树木告示牌
mangrove_wall_hanging_sign,Mangrove Wall Hanging Sign,墙上的悬挂式红树木告示牌
mangrove_button,Mangrove Button,红树木按钮
mangrove_pressure_plate,Mangrove Pressure Plate,红树木压力板
mangrove_roots,Mangrove Roots,红树根
muddy_mangrove_roots,Muddy Mangrove Roots,沾泥的红树根
,,
stripped_bamboo_block,Block of Stripped Bamboo,去皮竹块
bamboo_block,Block of Bamboo,竹块
bamboo_planks,Bamboo Planks,竹板
bamboo_slab,Bamboo Slab,竹台阶
bamboo_stairs,Bamboo Stairs,竹楼梯
bamboo_mosaic,Bamboo Mosaic,竹马赛克
bamboo_mosaic_slab,Bamboo Mosaic Slab,竹马赛克台阶
bamboo_mosaic_stairs,Bamboo Mosaic Stairs,竹马赛克楼梯
bamboo_trapdoor,Bamboo Trapdoor,竹活板门
bamboo_door,Bamboo Door,竹门
bamboo_fence,Bamboo Fence,竹栅栏
bamboo_fence_gate,Bamboo Fence Gate,竹栅栏门
bamboo_shelf,Bamboo Shelf,竹展示架
bamboo_sign,Bamboo Sign,竹告示牌
bamboo_hanging_sign,Bamboo Hanging Sign,悬挂式竹告示牌
bamboo_wall_sign,Bamboo Wall Sign,墙上的竹告示牌
bamboo_wall_hanging_sign,Bamboo Wall Hanging Sign,墙上的悬挂式竹告示牌
bamboo_button,Bamboo Button,竹按钮
bamboo_pressure_plate,Bamboo Pressure Plate,竹压力板
,,
stripped_crimson_stem,Stripped Crimson Stem,去皮绯红菌柄
stripped_crimson_hyphae,Stripped Crimson Hyphae,去皮绯红菌核
crimson_stem,Crimson Stem,绯红菌柄
crimson_hyphae,Crimson Hyphae,绯红菌核
crimson_planks,Crimson Planks,绯红木板
crimson_slab,Crimson Slab,绯红木台阶
crimson_stairs,Crimson Stairs,绯红木楼梯
crimson_trapdoor,Crimson Trapdoor,绯红木活板门
crimson_door,Crimson Door,绯红木门
crimson_fence,Crimson Fence,绯红木栅栏
crimson_fence_gate,Crimson Fence Gate,绯红木栅栏门
crimson_shelf,Crimson Shelf,绯红木展示架
crimson_sign,Crimson Sign,绯红木告示牌
crimson_hanging_sign,Crimson Hanging Sign,悬挂式绯红木告示牌
crimson_wall_sign,Crimson Wall Sign,墙上的绯红木告示牌
crimson_wall_hanging_sign,Crimson Wall Hanging Sign,墙上的悬挂式绯红木告示牌
crimson_button,Crimson Button,绯红木按钮
crimson_pressure_plate,Crimson Pressure Plate,绯红木压力板
,,
stripped_warped_stem,Stripped Warped Stem,去皮诡异菌柄
stripped_warped_hyphae,Stripped Warped Hyphae,去皮诡异菌核
warped_stem,Warped Stem,诡异菌柄
warped_hyphae,Warped Hyphae,诡异菌核
warped_planks,Warped Planks,诡异木板
warped_slab,Warped Slab,诡异木台阶
warped_stairs,Warped Stairs,诡异木楼梯
warped_trapdoor,Warped Trapdoor,诡异木活板门
warped_door,Warped Door,诡异木门
warped_fence,Warped Fence,诡异木栅栏
warped_fence_gate,Warped Fence Gate,诡异木栅栏门
warped_shelf,Warped Shelf,诡异木展示架
warped_sign,Warped Sign,诡异木告示牌
warped_hanging_sign,Warped Hanging Sign,悬挂式诡异木告示牌
warped_wall_sign,Warped Wall Sign,墙上的诡异木告示牌
warped_wall_hanging_sign,Warped Wall Hanging Sign,墙上的悬挂式诡异木告示牌
warped_button,Warped Button,诡异木按钮
warped_pressure_plate,Warped Pressure Plate,诡异木压力板
@stones,@Stones,@石材
deepslate,Deepslate,深板岩
bone_block,Bone Block,骨块
calcite,Calcite,方解石
dripstone_block,Dripstone Block,滴水石块
pointed_dripstone,Pointed Dripstone,滴水石锥
magma_block,Magma Block,岩浆块
obsidian,Obsidian,黑曜石
crying_obsidian,Crying Obsidian,哭泣的黑曜石
,,
granite,Granite,花岗岩
granite_slab,Granite Slab,花岗岩台阶
granite_stairs,Granite Stairs,花岗岩楼梯
granite_wall,Granite Wall,花岗岩墙
polished_granite,Polished Granite,磨制花岗岩
polished_granite_slab,Polished Granite Slab,磨制花岗岩台阶
polished_granite_stairs,Polished Granite Stairs,磨制花岗岩楼梯
,,
diorite,Diorite,闪长岩
diorite_slab,Diorite Slab,闪长岩台阶
diorite_stairs,Diorite Stairs,闪长岩楼梯
diorite_wall,Diorite Wall,闪长岩墙
polished_diorite,Polished Diorite,磨制闪长岩
polished_diorite_slab,Polished Diorite Slab,磨制闪长岩台阶
polished_diorite_stairs,Polished Diorite Stairs,磨制闪长岩楼梯
,,
andesite,Andesite,安山岩
andesite_slab,Andesite Slab,安山岩台阶
andesite_stairs,Andesite Stairs,安山岩楼梯
andesite_wall,Andesite Wall,安山岩墙
polished_andesite,Polished Andesite,磨制安山岩
polished_andesite_slab,Polished Andesite Slab,磨制安山岩台阶
polished_andesite_stairs,Polished Andesite Stairs,磨制安山岩楼梯
,,
red_sandstone,Red Sandstone,红砂岩
red_sandstone_slab,Red Sandstone Slab,红砂岩台阶
red_sandstone_stairs,Red Sandstone Stairs,红砂岩楼梯
red_sandstone_wall,Red Sandstone Wall,红砂岩墙
chiseled_red_sandstone,Chiseled Red Sandstone,雕纹红砂岩
cut_red_sandstone,Cut Red Sandstone,切制红砂岩
cut_red_sandstone_slab,Cut Red Sandstone Slab,切制红砂岩台阶
smooth_red_sandstone,Smooth Red Sandstone,平滑红砂岩
smooth_red_sandstone_slab,Smooth Red Sandstone Slab,平滑红砂岩台阶
smooth_red_sandstone_stairs,Smooth Red Sandstone Stairs,平滑红砂岩楼梯
,,
sandstone,Sandstone,砂岩
sandstone_slab,Sandstone Slab,砂岩台阶
sandstone_stairs,Sandstone Stairs,砂岩楼梯
sandstone_wall,Sandstone Wall,砂岩墙
chiseled_sandstone,Chiseled Sandstone,雕纹砂岩
cut_sandstone,Cut Sandstone,切制砂岩
cut_sandstone_slab,Cut Sandstone Slab,切制砂岩台阶
smooth_sandstone,Smooth Sandstone,平滑砂岩
smooth_sandstone_slab,Smooth Sandstone Slab,平滑砂岩台阶
smooth_sandstone_stairs,Smooth Sandstone Stairs,平滑砂岩楼梯
,,
end_stone,End Stone,末地石
end_stone_brick_slab,End Stone Brick Slab,末地石砖台阶
end_stone_brick_stairs,End Stone Brick Stairs,末地石砖楼梯
end_stone_brick_wall,End Stone Brick Wall,末地石砖墙
end_stone_bricks,End Stone Bricks,末地石砖
,,
purpur_block,Purpur Block,紫珀块
purpur_pillar,Purpur Pillar,紫珀柱
purpur_slab,Purpur Slab,紫珀台阶
purpur_stairs,Purpur Stairs,紫珀楼梯
,,
quartz_block,Block of Quartz,石英块
quartz_slab,Quartz Slab,石英台阶
quartz_stairs,Quartz Stairs,石英楼梯
quartz_bricks,Quartz Bricks,石英砖
quartz_pillar,Quartz Pillar,石英柱
chiseled_quartz_block,Chiseled Quartz Block,雕纹石英块
smooth_quartz,Smooth Quartz Block,平滑石英块
smooth_quartz_slab,Smooth Quartz Slab,平滑石英台阶
smooth_quartz_stairs,Smooth Quartz Stairs,平滑石英楼梯
,,
prismarine,Prismarine,海晶石
prismarine_slab,Prismarine Slab,海晶石台阶
prismarine_stairs,Prismarine Stairs,海晶石楼梯
prismarine_wall,Prismarine Wall,海晶石墙
prismarine_bricks,Prismarine Bricks,海晶石砖
prismarine_brick_slab,Prismarine Brick Slab,海晶石砖台阶
prismarine_brick_stairs,Prismarine Brick Stairs,海晶石砖楼梯
sea_lantern,Sea Lantern,海晶灯
dark_prismarine,Dark Prismarine,暗海晶石
dark_prismarine_slab,Dark Prismarine Slab,暗海晶石台阶
dark_prismarine_stairs,Dark Prismarine Stairs,暗海晶石楼梯
,,
stone,Stone,石头
stone_slab,Stone Slab,石头台阶
stone_stairs,Stone Stairs,石头楼梯
stone_button,Stone Button,石头按钮
stone_pressure_plate,Stone Pressure Plate,石头压力板
smooth_stone,Smooth Stone,平滑石头
smooth_stone_slab,Smooth Stone Slab,平滑石头台阶
,,
cobblestone,Cobblestone,圆石
cobblestone_slab,Cobblestone Slab,圆石台阶
cobblestone_stairs,Cobblestone Stairs,圆石楼梯
cobblestone_wall,Cobblestone Wall,圆石墙
,,
mossy_cobblestone,Mossy Cobblestone,苔石
mossy_cobblestone_slab,Mossy Cobblestone Slab,苔石台阶
mossy_cobblestone_stairs,Mossy Cobblestone Stairs,苔石楼梯
mossy_cobblestone_wall,Mossy Cobblestone Wall,苔石墙
,,
mossy_stone_bricks,Mossy Stone Bricks,苔石砖
mossy_stone_brick_slab,Mossy Stone Brick Slab,苔石砖台阶
mossy_stone_brick_stairs,Mossy Stone Brick Stairs,苔石砖楼梯
mossy_stone_brick_wall,Mossy Stone Brick Wall,苔石砖墙
,,
stone_bricks,Stone Bricks,石砖
stone_brick_slab,Stone Brick Slab,石砖台阶
stone_brick_stairs,Stone Brick Stairs,石砖楼梯
stone_brick_wall,Stone Brick Wall,石砖墙
chiseled_stone_bricks,Chiseled Stone Bricks,雕纹石砖
cracked_stone_bricks,Cracked Stone Bricks,裂纹石砖
,,
tuff,Tuff,凝灰岩
tuff_slab,Tuff Slab,凝灰岩台阶
tuff_stairs,Tuff Stairs,凝灰岩楼梯
tuff_wall,Tuff Wall,凝灰岩墙
chiseled_tuff,Chiseled Tuff,雕纹凝灰岩
,,
polished_tuff,Polished Tuff,磨制凝灰岩
polished_tuff_slab,Polished Tuff Slab,磨制凝灰岩台阶
polished_tuff_stairs,Polished Tuff Stairs,磨制凝灰岩楼梯
polished_tuff_wall,Polished Tuff Wall,磨制凝灰岩墙
,,
tuff_bricks,Tuff Bricks,凝灰岩砖
tuff_brick_slab,Tuff Brick Slab,凝灰岩砖台阶
tuff_brick_stairs,Tuff Brick Stairs,凝灰岩砖楼梯
tuff_brick_wall,Tuff Brick Wall,凝灰岩砖墙
chiseled_tuff_bricks,Chiseled Tuff Bricks,雕纹凝灰岩砖
,,
cobbled_deepslate,Cobbled Deepslate,深板岩圆石
cobbled_deepslate_slab,Cobbled Deepslate Slab,深板岩圆石台阶
cobbled_deepslate_stairs,Cobbled Deepslate Stairs,深板岩圆石楼梯
cobbled_deepslate_wall,Cobbled Deepslate Wall,深板岩圆石墙
chiseled_deepslate,Chiseled Deepslate,雕纹深板岩
,,
polished_deepslate,Polished Deepslate,磨制深板岩
polished_deepslate_slab,Polished Deepslate Slab,磨制深板岩台阶
polished_deepslate_stairs,Polished Deepslate Stairs,磨制深板岩楼梯
polished_deepslate_wall,Polished Deepslate Wall,磨制深板岩墙
,,
deepslate_bricks,Deepslate Bricks,深板岩砖
deepslate_brick_slab,Deepslate Brick Slab,深板岩砖台阶
deepslate_brick_stairs,Deepslate Brick Stairs,深板岩砖楼梯
deepslate_brick_wall,Deepslate Brick Wall,深板岩砖墙
cracked_deepslate_bricks,Cracked Deepslate Bricks,裂纹深板岩砖
,,
deepslate_tiles,Deepslate Tiles,深板岩瓦
deepslate_tile_slab,Deepslate Tile Slab,深板岩瓦台阶
deepslate_tile_stairs,Deepslate Tile Stairs,深板岩瓦楼梯
deepslate_tile_wall,Deepslate Tile Wall,深板岩瓦墙
cracked_deepslate_tiles,Cracked Deepslate Tiles,裂纹深板岩瓦
,,
blackstone,Blackstone,黑石
blackstone_slab,Blackstone Slab,黑石台阶
blackstone_stairs,Blackstone Stairs,黑石楼梯
blackstone_wall,Blackstone Wall,黑石墙
gilded_blackstone,Gilded Blackstone,镶金黑石
,,
polished_blackstone,Polished Blackstone,磨制黑石
polished_blackstone_slab,Polished Blackstone Slab,磨制黑石台阶
polished_blackstone_stairs,Polished Blackstone Stairs,磨制黑石楼梯
polished_blackstone_wall,Polished Blackstone Wall,磨制黑石墙
chiseled_polished_blackstone,Chiseled Polished Blackstone,雕纹磨制黑石
polished_blackstone_button,Polished Blackstone Button,磨制黑石按钮
polished_blackstone_pressure_plate,Polished Blackstone Pressure Plate,磨制黑石压力板
,,
polished_blackstone_bricks,Polished Blackstone Bricks,磨制黑石砖
polished_blackstone_brick_slab,Polished Blackstone Brick Slab,磨制黑石砖台阶
polished_blackstone_brick_stairs,Polished Blackstone Brick Stairs,磨制黑石砖楼梯
polished_blackstone_brick_wall,Polished Blackstone Brick Wall,磨制黑石砖墙
cracked_polished_blackstone_bricks,Cracked Polished Blackstone Bricks,裂纹磨制黑石砖
,,
basalt,Basalt,玄武岩
polished_basalt,Polished Basalt,磨制玄武岩
smooth_basalt,Smooth Basalt,平滑玄武岩
,,
netherrack,Netherrack,下界岩
crimson_nylium,Crimson Nylium,绯红菌岩
warped_nylium,Warped Nylium,诡异菌岩
,,
nether_bricks,Nether Bricks,下界砖块
nether_brick_slab,Nether Brick Slab,下界砖台阶
nether_brick_stairs,Nether Brick Stairs,下界砖楼梯
nether_brick_wall,Nether Brick Wall,下界砖墙
nether_brick_fence,Nether Brick Fence,下界砖栅栏
chiseled_nether_bricks,Chiseled Nether Bricks,雕纹下界砖块
cracked_nether_bricks,Cracked Nether Bricks,裂纹下界砖块
,,
red_nether_brick_slab,Red Nether Brick Slab,红色下界砖台阶
red_nether_brick_stairs,Red Nether Brick Stairs,红色下界砖楼梯
red_nether_brick_wall,Red Nether Brick Wall,红色下界砖墙
red_nether_bricks,Red Nether Bricks,红色下界砖块
,,
bricks,Bricks,红砖块
brick_slab,Brick Slab,红砖台阶
brick_stairs,Brick Stairs,红砖楼梯
brick_wall,Brick Wall,红砖墙
,,
resin_block,Block of Resin,树脂块
resin_bricks,Resin Bricks,树脂砖块
resin_brick_slab,Resin Brick Slab,树脂砖台阶
resin_brick_stairs,Resin Brick Stairs,树脂砖楼梯
resin_brick_wall,Resin Brick Wall,树脂砖墙
chiseled_resin_bricks,Chiseled Resin Bricks,雕纹树脂砖块
,,
packed_mud,Packed Mud,泥坯
mud_bricks,Mud Bricks,泥砖
mud_brick_slab,Mud Brick Slab,泥砖台阶
mud_brick_stairs,Mud Brick Stairs,泥砖楼梯
mud_brick_wall,Mud Brick Wall,泥砖墙
,,
air,Air,空气
cave_air,Cave Air,洞穴空气
void_air,Void Air,虚空空气
,,
water,Water,水
water_cauldron,Water Cauldron,装有水的炼药锅
water_bucket,Water Bucket,水桶
bubble_column,Bubble Column,气泡柱
,,
lava,Lava,熔岩
lava_bucket,Lava Bucket,熔岩桶
lava_cauldron,Lava Cauldron,装有熔岩的炼药锅
,,
snow,Snow,雪
snow_block,Snow Block,雪块
powder_snow,Powder Snow,细雪
powder_snow_cauldron,Powder Snow Cauldron,装有细雪的炼药锅
,,
ice,Ice,冰
packed_ice,Packed Ice,浮冰
blue_ice,Blue Ice,蓝冰
,,
grass_block,Grass Block,草方块
mycelium,Mycelium,菌丝体
podzol,Podzol,灰化土
rooted_dirt,Rooted Dirt,缠根泥土
dirt,Dirt,泥土
coarse_dirt,Coarse Dirt,砂土
dirt_path,Dirt Path,土径
farmland,Farmland,耕地
mud,Mud,泥巴
clay,Clay,黏土
red_sand,Red Sand,红沙
sand,Sand,沙子
gravel,Gravel,沙砾
suspicious_sand,Suspicious Sand,可疑的沙子
suspicious_gravel,Suspicious Gravel,可疑的沙砾
soul_sand,Soul Sand,灵魂沙
soul_soil,Soul Soil,灵魂土
@ores,@Ores,@矿物
coal_ore,Coal Ore,煤矿石
iron_ore,Iron Ore,铁矿石
copper_ore,Copper Ore,铜矿石
lapis_ore,Lapis Lazuli Ore,青金石矿石
gold_ore,Gold Ore,金矿石
redstone_ore,Redstone Ore,红石矿石
diamond_ore,Diamond Ore,钻石矿石
emerald_ore,Emerald Ore,绿宝石矿石
,,
deepslate_coal_ore,Deepslate Coal Ore,深层煤矿石
deepslate_iron_ore,Deepslate Iron Ore,深层铁矿石
deepslate_copper_ore,Deepslate Copper Ore,深层铜矿石
deepslate_lapis_ore,Deepslate Lapis Lazuli Ore,深层青金石矿石
deepslate_gold_ore,Deepslate Gold Ore,深层金矿石
deepslate_redstone_ore,Deepslate Redstone Ore,深层红石矿石
deepslate_diamond_ore,Deepslate Diamond Ore,深层钻石矿石
deepslate_emerald_ore,Deepslate Emerald Ore,深层绿宝石矿石
,,
nether_gold_ore,Nether Gold Ore,下界金矿石
nether_quartz_ore,Nether Quartz Ore,下界石英矿石
ancient_debris,Ancient Debris,远古残骸
raw_iron_block,Block of Raw Iron,粗铁块
raw_copper_block,Block of Raw Copper,粗铜块
raw_gold_block,Block of Raw Gold,粗金块
,,
coal_block,Block of Coal,煤炭块
iron_block,Block of Iron,铁块
lapis_block,Block of Lapis Lazuli,青金石块
gold_block,Block of Gold,金块
diamond_block,Block of Diamond,钻石块
emerald_block,Block of Emerald,绿宝石块
netherite_block,Block of Netherite,下界合金块
,,
waxed_copper_block,Waxed Block of Copper,涂蜡的铜块
waxed_cut_copper,Waxed Cut Copper,涂蜡的切制铜块
waxed_cut_copper_slab,Waxed Cut Copper Slab,涂蜡的切制铜台阶
waxed_cut_copper_stairs,Waxed Cut Copper Stairs,涂蜡的切制铜楼梯
waxed_chiseled_copper,Waxed Chiseled Copper,涂蜡的雕纹铜块
waxed_copper_grate,Waxed Copper Grate,涂蜡的铜格栅
waxed_copper_trapdoor,Waxed Copper Trapdoor,涂蜡的铜活板门
waxed_copper_door,Waxed Copper Door,涂蜡的铜门
waxed_copper_bulb,Waxed Copper Bulb,涂蜡的铜灯
waxed_copper_chest,Waxed Copper Chest,涂蜡的铜箱子
,,
waxed_exposed_copper,Waxed Exposed Copper,涂蜡的斑驳铜块
waxed_exposed_cut_copper,Waxed Exposed Cut Copper,涂蜡的斑驳切制铜块
waxed_exposed_cut_copper_slab,Waxed Exposed Cut Copper Slab,涂蜡的斑驳切制铜台阶
waxed_exposed_cut_copper_stairs,Waxed Exposed Cut Copper Stairs,涂蜡的斑驳切制铜楼梯
waxed_exposed_chiseled_copper,Waxed Exposed Chiseled Copper,涂蜡的斑驳雕纹铜块
waxed_exposed_copper_grate,Waxed Exposed Copper Grate,涂蜡的斑驳铜格栅
waxed_exposed_copper_trapdoor,Waxed Exposed Copper Trapdoor,涂蜡的斑驳铜活板门
waxed_exposed_copper_door,Waxed Exposed Copper Door,涂蜡的斑驳铜门
waxed_exposed_copper_bulb,Waxed Exposed Copper Bulb,涂蜡的斑驳铜灯
waxed_exposed_copper_chest,Waxed Exposed Copper Chest,涂蜡的斑驳铜箱子
,,
waxed_weathered_copper,Waxed Weathered Copper,涂蜡的锈蚀铜块
waxed_weathered_cut_copper,Waxed Weathered Cut Copper,涂蜡的锈蚀切制铜块
waxed_weathered_cut_copper_slab,Waxed Weathered Cut Copper Slab,涂蜡的锈蚀切制铜台阶
waxed_weathered_cut_copper_stairs,Waxed Weathered Cut Copper Stairs,涂蜡的锈蚀切制铜楼梯
waxed_weathered_chiseled_copper,Waxed Weathered Chiseled Copper,涂蜡的锈蚀雕纹铜块
waxed_weathered_copper_grate,Waxed Weathered Copper Grate,涂蜡的锈蚀铜格栅
waxed_weathered_copper_trapdoor,Waxed Weathered Copper Trapdoor,涂蜡的锈蚀铜活板门
waxed_weathered_copper_door,Waxed Weathered Copper Door,涂蜡的锈蚀铜门
waxed_weathered_copper_bulb,Waxed Weathered Copper Bulb,涂蜡的锈蚀铜灯
waxed_weathered_copper_chest,Waxed Weathered Copper Chest,涂蜡的锈蚀铜箱子
,,
waxed_oxidized_copper,Waxed Oxidized Copper,涂蜡的氧化铜块
waxed_oxidized_cut_copper,Waxed Oxidized Cut Copper,涂蜡的氧化切制铜块
waxed_oxidized_cut_copper_slab,Waxed Oxidized Cut Copper Slab,涂蜡的氧化切制铜台阶
waxed_oxidized_cut_copper_stairs,Waxed Oxidized Cut Copper Stairs,涂蜡的氧化切制铜楼梯
waxed_oxidized_chiseled_copper,Waxed Oxidized Chiseled Copper,涂蜡的氧化雕纹铜块
waxed_oxidized_copper_grate,Waxed Oxidized Copper Grate,涂蜡的氧化铜格栅
waxed_oxidized_copper_trapdoor,Waxed Oxidized Copper Trapdoor,涂蜡的氧化铜活板门
waxed_oxidized_copper_door,Waxed Oxidized Copper Door,涂蜡的氧化铜门
waxed_oxidized_copper_bulb,Waxed Oxidized Copper Bulb,涂蜡的氧化铜灯
waxed_oxidized_copper_chest,Waxed Oxidized Copper Chest,涂蜡的氧化铜箱子
@color,@Color,@彩色
white_concrete,White Concrete,白色混凝土
light_gray_concrete,Light Gray Concrete,淡灰色混凝土
gray_concrete,Gray Concrete,灰色混凝土
black_concrete,Black Concrete,黑色混凝土
brown_concrete,Brown Concrete,棕色混凝土
red_concrete,Red Concrete,红色混凝土
orange_concrete,Orange Concrete,橙色混凝土
yellow_concrete,Yellow Concrete,黄色混凝土
lime_concrete,Lime Concrete,黄绿色混凝土
green_concrete,Green Concrete,绿色混凝土
cyan_concrete,Cyan Concrete,青色混凝土
light_blue_concrete,Light Blue Concrete,淡蓝色混凝土
blue_concrete,Blue Concrete,蓝色混凝土
purple_concrete,Purple Concrete,紫色混凝土
magenta_concrete,Magenta Concrete,品红色混凝土
pink_concrete,Pink Concrete,粉红色混凝土
,,
white_concrete_powder,White Concrete Powder,白色混凝土粉末
light_gray_concrete_powder,Light Gray Concrete Powder,淡灰色混凝土粉末
gray_concrete_powder,Gray Concrete Powder,灰色混凝土粉末
black_concrete_powder,Black Concrete Powder,黑色混凝土粉末
brown_concrete_powder,Brown Concrete Powder,棕色混凝土粉末
red_concrete_powder,Red Concrete Powder,红色混凝土粉末
orange_concrete_powder,Orange Concrete Powder,橙色混凝土粉末
yellow_concrete_powder,Yellow Concrete Powder,黄色混凝土粉末
lime_concrete_powder,Lime Concrete Powder,黄绿色混凝土粉末
green_concrete_powder,Green Concrete Powder,绿色混凝土粉末
cyan_concrete_powder,Cyan Concrete Powder,青色混凝土粉末
light_blue_concrete_powder,Light Blue Concrete Powder,淡蓝色混凝土粉末
blue_concrete_powder,Blue Concrete Powder,蓝色混凝土粉末
purple_concrete_powder,Purple Concrete Powder,紫色混凝土粉末
magenta_concrete_powder,Magenta Concrete Powder,品红色混凝土粉末
pink_concrete_powder,Pink Concrete Powder,粉红色混凝土粉末
,,
white_wool,White Wool,白色羊毛
light_gray_wool,Light Gray Wool,淡灰色羊毛
gray_wool,Gray Wool,灰色羊毛
black_wool,Black Wool,黑色羊毛
brown_wool,Brown Wool,棕色羊毛
red_wool,Red Wool,红色羊毛
orange_wool,Orange Wool,橙色羊毛
yellow_wool,Yellow Wool,黄色羊毛
lime_wool,Lime Wool,黄绿色羊毛
green_wool,Green Wool,绿色羊毛
cyan_wool,Cyan Wool,青色羊毛
light_blue_wool,Light Blue Wool,淡蓝色羊毛
blue_wool,Blue Wool,蓝色羊毛
purple_wool,Purple Wool,紫色羊毛
magenta_wool,Magenta Wool,品红色羊毛
pink_wool,Pink Wool,粉红色羊毛
,,
white_carpet,White Carpet,白色地毯
light_gray_carpet,Light Gray Carpet,淡灰色地毯
gray_carpet,Gray Carpet,灰色地毯
black_carpet,Black Carpet,黑色地毯
brown_carpet,Brown Carpet,棕色地毯
red_carpet,Red Carpet,红色地毯
orange_carpet,Orange Carpet,橙色地毯
yellow_carpet,Yellow Carpet,黄色地毯
lime_carpet,Lime Carpet,黄绿色地毯
green_carpet,Green Carpet,绿色地毯
cyan_carpet,Cyan Carpet,青色地毯
light_blue_carpet,Light Blue Carpet,淡蓝色地毯
blue_carpet,Blue Carpet,蓝色地毯
purple_carpet,Purple Carpet,紫色地毯
magenta_carpet,Magenta Carpet,品红色地毯
pink_carpet,Pink Carpet,粉红色地毯
,,
white_glazed_terracotta,White Glazed Terracotta,白色带釉陶瓦
light_gray_glazed_terracotta,Light Gray Glazed Terracotta,淡灰色带釉陶瓦
gray_glazed_terracotta,Gray Glazed Terracotta,灰色带釉陶瓦
black_glazed_terracotta,Black Glazed Terracotta,黑色带釉陶瓦
brown_glazed_terracotta,Brown Glazed Terracotta,棕色带釉陶瓦
red_glazed_terracotta,Red Glazed Terracotta,红色带釉陶瓦
orange_glazed_terracotta,Orange Glazed Terracotta,橙色带釉陶瓦
yellow_glazed_terracotta,Yellow Glazed Terracotta,黄色带釉陶瓦
lime_glazed_terracotta,Lime Glazed Terracotta,黄绿色带釉陶瓦
green_glazed_terracotta,Green Glazed Terracotta,绿色带釉陶瓦
cyan_glazed_terracotta,Cyan Glazed Terracotta,青色带釉陶瓦
light_blue_glazed_terracotta,Light Blue Glazed Terracotta,淡蓝色带釉陶瓦
blue_glazed_terracotta,Blue Glazed Terracotta,蓝色带釉陶瓦
purple_glazed_terracotta,Purple Glazed Terracotta,紫色带釉陶瓦
magenta_glazed_terracotta,Magenta Glazed Terracotta,品红色带釉陶瓦
pink_glazed_terracotta,Pink Glazed Terracotta,粉红色带釉陶瓦
,,
terracotta,Terracotta,陶瓦
white_terracotta,White Terracotta,白色陶瓦
light_gray_terracotta,Light Gray Terracotta,淡灰色陶瓦
gray_terracotta,Gray Terracotta,灰色陶瓦
black_terracotta,Black Terracotta,黑色陶瓦
brown_terracotta,Brown Terracotta,棕色陶瓦
red_terracotta,Red Terracotta,红色陶瓦
orange_terracotta,Orange Terracotta,橙色陶瓦
yellow_terracotta,Yellow Terracotta,黄色陶瓦
lime_terracotta,Lime Terracotta,黄绿色陶瓦
green_terracotta,Green Terracotta,绿色陶瓦
cyan_terracotta,Cyan Terracotta,青色陶瓦
light_blue_terracotta,Light Blue Terracotta,淡蓝色陶瓦
blue_terracotta,Blue Terracotta,蓝色陶瓦
purple_terracotta,Purple Terracotta,紫色陶瓦
magenta_terracotta,Magenta Terracotta,品红色陶瓦
pink_terracotta,Pink Terracotta,粉红色陶瓦
,,
glass_pane,Glass Pane,玻璃板
white_stained_glass_pane,White Stained Glass Pane,白色染色玻璃板
light_gray_stained_glass_pane,Light Gray Stained Glass Pane,淡灰色染色玻璃板
gray_stained_glass_pane,Gray Stained Glass Pane,灰色染色玻璃板
black_stained_glass_pane,Black Stained Glass Pane,黑色染色玻璃板
brown_stained_glass_pane,Brown Stained Glass Pane,棕色染色玻璃板
red_stained_glass_pane,Red Stained Glass Pane,红色染色玻璃板
orange_stained_glass_pane,Orange Stained Glass Pane,橙色染色玻璃板
yellow_stained_glass_pane,Yellow Stained Glass Pane,黄色染色玻璃板
lime_stained_glass_pane,Lime Stained Glass Pane,黄绿色染色玻璃板
green_stained_glass_pane,Green Stained Glass Pane,绿色染色玻璃板
cyan_stained_glass_pane,Cyan Stained Glass Pane,青色染色玻璃板
light_blue_stained_glass_pane,Light Blue Stained Glass Pane,淡蓝色染色玻璃板
blue_stained_glass_pane,Blue Stained Glass Pane,蓝色染色玻璃板
purple_stained_glass_pane,Purple Stained Glass Pane,紫色染色玻璃板
magenta_stained_glass_pane,Magenta Stained Glass Pane,品红色染色玻璃板
pink_stained_glass_pane,Pink Stained Glass Pane,粉红色染色玻璃板
,,
glass,Glass,玻璃
tinted_glass,Tinted Glass,遮光玻璃
white_stained_glass,White Stained Glass,白色染色玻璃
light_gray_stained_glass,Light Gray Stained Glass,淡灰色染色玻璃
gray_stained_glass,Gray Stained Glass,灰色染色玻璃
black_stained_glass,Black Stained Glass,黑色染色玻璃
brown_stained_glass,Brown Stained Glass,棕色染色玻璃
red_stained_glass,Red Stained Glass,红色染色玻璃
orange_stained_glass,Orange Stained Glass,橙色染色玻璃
yellow_stained_glass,Yellow Stained Glass,黄色染色玻璃
lime_stained_glass,Lime Stained Glass,黄绿色染色玻璃
green_stained_glass,Green Stained Glass,绿色染色玻璃
cyan_stained_glass,Cyan Stained Glass,青色染色玻璃
light_blue_stained_glass,Light Blue Stained Glass,淡蓝色染色玻璃
blue_stained_glass,Blue Stained Glass,蓝色染色玻璃
purple_stained_glass,Purple Stained Glass,紫色染色玻璃
magenta_stained_glass,Magenta Stained Glass,品红色染色玻璃
pink_stained_glass,Pink Stained Glass,粉红色染色玻璃
,,
candle,Candle,蜡烛
white_candle,White Candle,白色蜡烛
light_gray_candle,Light Gray Candle,淡灰色蜡烛
gray_candle,Gray Candle,灰色蜡烛
black_candle,Black Candle,黑色蜡烛
brown_candle,Brown Candle,棕色蜡烛
red_candle,Red Candle,红色蜡烛
orange_candle,Orange Candle,橙色蜡烛
yellow_candle,Yellow Candle,黄色蜡烛
lime_candle,Lime Candle,黄绿色蜡烛
green_candle,Green Candle,绿色蜡烛
cyan_candle,Cyan Candle,青色蜡烛
light_blue_candle,Light Blue Candle,淡蓝色蜡烛
blue_candle,Blue Candle,蓝色蜡烛
purple_candle,Purple Candle,紫色蜡烛
magenta_candle,Magenta Candle,品红色蜡烛
pink_candle,Pink Candle,粉红色蜡烛
,,
ominous_banner,Ominous Banner,不祥旗帜
white_banner,White Banner,白色旗帜
light_gray_banner,Light Gray Banner,淡灰色旗帜
gray_banner,Gray Banner,灰色旗帜
black_banner,Black Banner,黑色旗帜
brown_banner,Brown Banner,棕色旗帜
red_banner,Red Banner,红色旗帜
orange_banner,Orange Banner,橙色旗帜
yellow_banner,Yellow Banner,黄色旗帜
lime_banner,Lime Banner,黄绿色旗帜
green_banner,Green Banner,绿色旗帜
cyan_banner,Cyan Banner,青色旗帜
light_blue_banner,Light Blue Banner,淡蓝色旗帜
blue_banner,Blue Banner,蓝色旗帜
purple_banner,Purple Banner,紫色旗帜
magenta_banner,Magenta Banner,品红色旗帜
pink_banner,Pink Banner,粉红色旗帜
,,
white_bed,White Bed,白色床
light_gray_bed,Light Gray Bed,淡灰色床
gray_bed,Gray Bed,灰色床
black_bed,Black Bed,黑色床
brown_bed,Brown Bed,棕色床
red_bed,Red Bed,红色床
orange_bed,Orange Bed,橙色床
yellow_bed,Yellow Bed,黄色床
lime_bed,Lime Bed,黄绿色床
green_bed,Green Bed,绿色床
cyan_bed,Cyan Bed,青色床
light_blue_bed,Light Blue Bed,淡蓝色床
blue_bed,Blue Bed,蓝色床
purple_bed,Purple Bed,紫色床
magenta_bed,Magenta Bed,品红色床
pink_bed,Pink Bed,粉红色床
,,
shulker_box,Shulker Box,潜影盒
white_shulker_box,White Shulker Box,白色潜影盒
light_gray_shulker_box,Light Gray Shulker Box,淡灰色潜影盒
gray_shulker_box,Gray Shulker Box,灰色潜影盒
black_shulker_box,Black Shulker Box,黑色潜影盒
brown_shulker_box,Brown Shulker Box,棕色潜影盒
red_shulker_box,Red Shulker Box,红色潜影盒
orange_shulker_box,Orange Shulker Box,橙色潜影盒
yellow_shulker_box,Yellow Shulker Box,黄色潜影盒
lime_shulker_box,Lime Shulker Box,黄绿色潜影盒
green_shulker_box,Green Shulker Box,绿色潜影盒
cyan_shulker_box,Cyan Shulker Box,青色潜影盒
light_blue_shulker_box,Light Blue Shulker Box,淡蓝色潜影盒
blue_shulker_box,Blue Shulker Box,蓝色潜影盒
purple_shulker_box,Purple Shulker Box,紫色潜影盒
magenta_shulker_box,Magenta Shulker Box,品红色潜影盒
pink_shulker_box,Pink Shulker Box,粉红色潜影盒
@functional_blocks,@Functional Blocks,@功能方块
redstone,Redstone Dust,红石粉
redstone_wire,Redstone Wire,红石线
redstone_block,Block of Redstone,红石块
redstone_torch,Redstone Torch,红石火把
redstone_wall_torch,Redstone Wall Torch,墙上的红石火把
repeater,Redstone Repeater,红石中继器
comparator,Redstone Comparator,红石比较器
redstone_lamp,Redstone Lamp,红石灯
observer,Observer,侦测器
daylight_detector,Daylight Detector,阳光探测器
lever,Lever,拉杆
target,Target,标靶
heavy_weighted_pressure_plate,Heavy Weighted Pressure Plate,重质测重压力板
light_weighted_pressure_plate,Light Weighted Pressure Plate,轻质测重压力板
tripwire_hook,Tripwire Hook,绊线钩
lightning_rod,Lightning Rod,避雷针
trapped_chest,Trapped Chest,陷阱箱
lectern,Lectern,讲台
,,
rail,Rail,铁轨
powered_rail,Powered Rail,动力铁轨
activator_rail,Activator Rail,激活铁轨
detector_rail,Detector Rail,探测铁轨
piston,Piston,活塞
sticky_piston,Sticky Piston,黏性活塞
dropper,Dropper,投掷器
dispenser,Dispenser,发射器
crafter,Crafter,合成器
iron_trapdoor,Iron Trapdoor,铁活板门
iron_door,Iron Door,铁门
note_block,Note Block,音符盒
tnt,TNT,TNT
bell,Bell,钟
string,String,线
tripwire,Tripwire,绊线
hopper,Hopper,漏斗
,,
wither_skeleton_skull,Wither Skeleton Skull,凋灵骷髅头颅
wither_skeleton_wall_skull,Wither Skeleton Wall Skull,墙上的凋灵骷髅头颅
skeleton_skull,Skeleton Skull,骷髅头颅
skeleton_wall_skull,Skeleton Wall Skull,墙上的骷髅头颅
zombie_head,Zombie Head,僵尸的头
zombie_wall_head,Zombie Wall Head,墙上的僵尸的头
creeper_head,Creeper Head,苦力怕的头
creeper_wall_head,Creeper Wall Head,墙上的苦力怕的头
piglin_head,Piglin Head,猪灵的头
piglin_wall_head,Piglin Wall Head,墙上的猪灵的头
dragon_head,Dragon Head,龙首
dragon_wall_head,Dragon Wall Head,墙上的龙首
,,
small_amethyst_bud,Small Amethyst Bud,小型紫晶芽
medium_amethyst_bud,Medium Amethyst Bud,中型紫晶芽
large_amethyst_bud,Large Amethyst Bud,大型紫晶芽
amethyst_cluster,Amethyst Cluster,紫水晶簇
amethyst_shard,Amethyst Shard,紫水晶碎片
amethyst_block,Block of Amethyst,紫水晶块
sculk,Sculk,幽匿块
sculk_vein,Sculk Vein,幽匿脉络
sculk_catalyst,Sculk Catalyst,幽匿催发体
sculk_shrieker,Sculk Shrieker,幽匿尖啸体
sculk_sensor,Sculk Sensor,幽匿感测体
calibrated_sculk_sensor,Calibrated Sculk Sensor,校频幽匿感测体
,,
slime_block,Slime Block,黏液块
honey_block,Honey Block,蜂蜜块
honeycomb_block,Honeycomb Block,蜜脾块
hay_block,Hay Bale,干草捆
dried_kelp_block,Dried Kelp Block,干海带块
sponge,Sponge,海绵
wet_sponge,Wet Sponge,湿海绵
cobweb,Cobweb,蜘蛛网
scaffolding,Scaffolding,脚手架
flower_pot,Flower Pot,花盆
ladder,Ladder,梯子
chain,Chain,锁链
iron_bars,Iron Bars,铁栏杆
,,
end_rod,End Rod,末地烛
torch,Torch,火把
wall_torch,Wall Torch,墙上的火把
soul_torch,Soul Torch,灵魂火把
soul_wall_torch,Soul Wall Torch,墙上的灵魂火把
lantern,Lantern,灯笼
soul_lantern,Soul Lantern,灵魂灯笼
campfire,Campfire,营火
soul_campfire,Soul Campfire,灵魂营火
glowstone,Glowstone,荧石
jack_o_lantern,Jack o'Lantern,南瓜灯
shroomlight,Shroomlight,菌光体
ochre_froglight,Ochre Froglight,赭黄蛙明灯
pearlescent_froglight,Pearlescent Froglight,珠光蛙明灯
verdant_froglight,Verdant Froglight,青翠蛙明灯
,,
furnace,Furnace,熔炉
blast_furnace,Blast Furnace,高炉
smoker,Smoker,烟熏炉
anvil,Anvil,铁砧
chipped_anvil,Chipped Anvil,开裂的铁砧
damaged_anvil,Damaged Anvil,损坏的铁砧
brewing_stand,Brewing Stand,酿造台
crafting_table,Crafting Table,工作台
stonecutter,Stonecutter,切石机
grindstone,Grindstone,砂轮
loom,Loom,织布机
fletching_table,Fletching Table,制箭台
cartography_table,Cartography Table,制图台
smithing_table,Smithing Table,锻造台
bookshelf,Bookshelf,书架
chiseled_bookshelf,Chiseled Bookshelf,雕纹书架
cauldron,Cauldron,炼药锅
composter,Composter,堆肥桶
ender_chest,Ender Chest,末影箱
chest,Chest,箱子
barrel,Barrel,木桶
decorated_pot,Decorated Pot,饰纹陶罐
heavy_core,Heavy Core,沉重核心
conduit,Conduit,潮涌核心
beacon,Beacon,信标
respawn_anchor,Respawn Anchor,重生锚
enchanting_table,Enchanting Table,附魔台
jukebox,Jukebox,唱片机
lodestone,Lodestone,磁石
bee_nest,Bee Nest,蜂巢
beehive,Beehive,蜂箱
dried_ghast,Dried Ghast,失水恶魂
creaking_heart,Creaking Heart,嘎枝之心
dragon_egg,Dragon Egg,龙蛋
turtle_egg,Turtle Egg,海龟蛋
sniffer_egg,Sniffer Egg,嗅探兽蛋
@decorative_blocks,@Decorative Blocks,@装饰方块
cake,Cake,蛋糕
candle_cake,Cake with Candle,插上蜡烛的蛋糕
white_candle_cake,Cake with White Candle,插上白色蜡烛的蛋糕
light_gray_candle_cake,Cake with Light Gray Candle,插上淡灰色蜡烛的蛋糕
gray_candle_cake,Cake with Gray Candle,插上灰色蜡烛的蛋糕
black_candle_cake,Cake with Black Candle,插上黑色蜡烛的蛋糕
brown_candle_cake,Cake with Brown Candle,插上棕色蜡烛的蛋糕
red_candle_cake,Cake with Red Candle,插上红色蜡烛的蛋糕
orange_candle_cake,Cake with Orange Candle,插上橙色蜡烛的蛋糕
yellow_candle_cake,Cake with Yellow Candle,插上黄色蜡烛的蛋糕
lime_candle_cake,Cake with Lime Candle,插上黄绿色蜡烛的蛋糕
green_candle_cake,Cake with Green Candle,插上绿色蜡烛的蛋糕
cyan_candle_cake,Cake with Cyan Candle,插上青色蜡烛的蛋糕
light_blue_candle_cake,Cake with Light Blue Candle,插上淡蓝色蜡烛的蛋糕
blue_candle_cake,Cake with Blue Candle,插上蓝色蜡烛的蛋糕
purple_candle_cake,Cake with Purple Candle,插上紫色蜡烛的蛋糕
magenta_candle_cake,Cake with Magenta Candle,插上品红色蜡烛的蛋糕
pink_candle_cake,Cake with Pink Candle,插上粉红色蜡烛的蛋糕
,,
moss_block,Moss Block,苔藓块
moss_carpet,Moss Carpet,覆地苔藓
pale_moss_block,Pale Moss Block,苍白苔藓块
pale_moss_carpet,Pale Moss Carpet,苍白覆地苔藓
azalea,Azalea,杜鹃花丛
potted_azalea_bush,Potted Azalea,杜鹃花丛盆栽
flowering_azalea,Flowering Azalea,盛开的杜鹃花丛
potted_flowering_azalea_bush,Potted Flowering Azalea,盛开的杜鹃花丛盆栽
,,
azalea_leaves,Azalea Leaves,杜鹃树叶
flowering_azalea_leaves,Flowering Azalea Leaves,盛开的杜鹃树叶
cherry_leaves,Cherry Leaves,樱花树叶
acacia_leaves,Acacia Leaves,金合欢树叶
pale_oak_leaves,Pale Oak Leaves,苍白橡树树叶
birch_leaves,Birch Leaves,白桦树叶
oak_leaves,Oak Leaves,橡树树叶
jungle_leaves,Jungle Leaves,丛林树叶
spruce_leaves,Spruce Leaves,云杉树叶
dark_oak_leaves,Dark Oak Leaves,深色橡树树叶
mangrove_leaves,Mangrove Leaves,红树树叶
nether_wart_block,Nether Wart Block,下界疣块
warped_wart_block,Warped Wart Block,诡异疣块
,,
cherry_sapling,Cherry Sapling,樱花树苗
potted_cherry_sapling,Potted Cherry Sapling,樱花树苗盆栽
acacia_sapling,Acacia Sapling,金合欢树苗
potted_acacia_sapling,Potted Acacia Sapling,金合欢树苗盆栽
pale_oak_sapling,Pale Oak Sapling,苍白橡树树苗
potted_pale_oak_sapling,Potted Pale Oak Sapling,苍白橡树树苗盆栽
birch_sapling,Birch Sapling,白桦树苗
potted_birch_sapling,Potted Birch Sapling,白桦树苗盆栽
oak_sapling,Oak Sapling,橡树树苗
potted_oak_sapling,Potted Oak Sapling,橡树树苗盆栽
spruce_sapling,Spruce Sapling,云杉树苗
potted_spruce_sapling,Potted Spruce Sapling,云杉树苗盆栽
dark_oak_sapling,Dark Oak Sapling,深色橡树树苗
potted_dark_oak_sapling,Potted Dark Oak Sapling,深色橡树树苗盆栽
mangrove_propagule,Mangrove Propagule,红树胎生苗
potted_mangrove_propagule,Potted Mangrove Propagule,红树胎生苗盆栽
bamboo_sapling,Bamboo Shoot,竹笋
bamboo,Bamboo,竹子
potted_bamboo,Potted Bamboo,竹子盆栽
,,
crimson_fungus,Crimson Fungus,绯红菌
potted_crimson_fungus,Potted Crimson Fungus,绯红菌盆栽
warped_fungus,Warped Fungus,诡异菌
potted_warped_fungus,Potted Warped Fungus,诡异菌盆栽
crimson_roots,Crimson Roots,绯红菌索
potted_crimson_roots,Potted Crimson Roots,绯红菌索盆栽
warped_roots,Warped Roots,诡异菌索
potted_warped_roots,Potted Warped Roots,诡异菌索盆栽
twisting_vines,Twisting Vines,缠怨藤
twisting_vines_plant,Twisting Vines Plant,缠怨藤植株
weeping_vines,Weeping Vines,垂泪藤
weeping_vines_plant,Weeping Vines Plant,垂泪藤植株
,,
mushroom_stem,Mushroom Stem,蘑菇柄
brown_mushroom_block,Brown Mushroom Block,棕色蘑菇方块
red_mushroom_block,Red Mushroom Block,红色蘑菇方块
brown_mushroom,Brown Mushroom,棕色蘑菇
potted_brown_mushroom,Potted Brown Mushroom,棕色蘑菇盆栽
red_mushroom,Red Mushroom,红色蘑菇
potted_red_mushroom,Potted Red Mushroom,红色蘑菇盆栽
,,
dead_bush,Dead Bush,枯萎的灌木
potted_dead_bush,Potted Dead Bush,枯萎的灌木盆栽
dandelion,Dandelion,蒲公英
potted_dandelion,Potted Dandelion,蒲公英盆栽
poppy,Poppy,虞美人
potted_poppy,Potted Poppy,虞美人盆栽
blue_orchid,Blue Orchid,兰花
potted_blue_orchid,Potted Blue Orchid,兰花盆栽
allium,Allium,绒球葱
potted_allium,Potted Allium,绒球葱盆栽
azure_bluet,Azure Bluet,蓝花美耳草
potted_azure_bluet,Potted Azure Bluet,蓝花美耳草盆栽
red_tulip,Red Tulip,红色郁金香
potted_red_tulip,Potted Red Tulip,红色郁金香盆栽
orange_tulip,Orange Tulip,橙色郁金香
potted_orange_tulip,Potted Orange Tulip,橙色郁金香盆栽
white_tulip,White Tulip,白色郁金香
potted_white_tulip,Potted White Tulip,白色郁金香盆栽
pink_tulip,Pink Tulip,粉红色郁金香
potted_pink_tulip,Potted Pink Tulip,粉红色郁金香盆栽
oxeye_daisy,Oxeye Daisy,滨菊
potted_oxeye_daisy,Potted Oxeye Daisy,滨菊盆栽
cornflower,Cornflower,矢车菊
potted_cornflower,Potted Cornflower,矢车菊盆栽
lily_of_the_valley,Lily of the Valley,铃兰
potted_lily_of_the_valley,Potted Lily of the Valley,铃兰盆栽
,,
closed_eyeblossom,Closed Eyeblossom,闭合的眼眸花
potted_closed_eyeblossom,Potted Closed Eyeblossom,闭合的眼眸花盆栽
open_eyeblossom,Open Eyeblossom,张开的眼眸花
potted_open_eyeblossom,Potted Open Eyeblossom,张开的眼眸花盆栽
wither_rose,Wither Rose,凋灵玫瑰
potted_wither_rose,Potted Wither Rose,凋灵玫瑰盆栽
rose_bush,Rose Bush,玫瑰丛
lilac,Lilac,丁香
peony,Peony,牡丹
sunflower,Sunflower,向日葵
pink_petals,Pink Petals,粉红色花簇
leaf_litter,Leaf Litter,枯叶
wildflowers,Wildflowers,野花簇
,,
wheat,Wheat,小麦
wheat_seeds,Wheat Seeds,小麦种子
wheat,Wheat Crops,小麦植株
carrot,Carrot,胡萝卜
carrots,Carrots,胡萝卜（植株）
potato,Potato,马铃薯
potatoes,Potatoes,马铃薯（植株）
poisonous_potato,Poisonous Potato,毒马铃薯
baked_potato,Baked Potato,烤马铃薯
beetroot,Beetroot,甜菜根
beetroots,Beetroots,甜菜根（植株）
beetroot_seeds,Beetroot Seeds,甜菜种子
,,
torchflower,Torchflower,火把花
potted_torchflower,Potted Torchflower,火把花盆栽
torchflower_seeds,Torchflower Seeds,火把花种子
torchflower_crop,Torchflower Crop,火把花植株
pitcher_plant,Pitcher Plant,瓶子草
pitcher_pod,Pitcher Pod,瓶子草荚果
pitcher_crop,Pitcher Crop,瓶子草植株
pumpkin,Pumpkin,南瓜
carved_pumpkin,Carved Pumpkin,雕刻南瓜
pumpkin_seeds,Pumpkin Seeds,南瓜种子
pumpkin_stem,Pumpkin Stem,南瓜茎
attached_pumpkin_stem,Attached Pumpkin Stem,结果的南瓜茎
melon,Melon,西瓜
melon_slice,Melon Slice,西瓜片
melon_seeds,Melon Seeds,西瓜种子
melon_stem,Melon Stem,西瓜茎
attached_melon_stem,Attached Melon Stem,结果的西瓜茎
,,
cactus,Cactus,仙人掌
potted_cactus,Potted Cactus,仙人掌盆栽
cactus_flower,Cactus Flower,仙人掌花
sugar_cane,Sugar Cane,甘蔗
lily_pad,Lily Pad,睡莲
dried_kelp,Dried Kelp,干海带
kelp,Kelp,海带
kelp_plant,Kelp Plant,海带植株
sea_pickle,Sea Pickle,海泡菜
cocoa,Cocoa,可可果
cocoa_beans,Cocoa Beans,可可豆
sweet_berries,Sweet Berries,甜浆果
sweet_berry_bush,Sweet Berry Bush,甜浆果丛
cave_vines,Cave Vines,洞穴藤蔓
cave_vines_plant,Cave Vines Plant,洞穴藤蔓植株
glow_berries,Glow Berries,发光浆果
spore_blossom,Spore Blossom,孢子花
nether_wart,Nether Wart,下界疣
chorus_flower,Chorus Flower,紫颂花
chorus_fruit,Chorus Fruit,紫颂果
popped_chorus_fruit,Popped Chorus Fruit,爆裂紫颂果
,,
glow_lichen,Glow Lichen,发光地衣
hanging_roots,Hanging Roots,垂根
pale_hanging_moss,Pale Hanging Moss,苍白垂须
bush,Bush,灌木丛
firefly_bush,Firefly Bush,萤火虫灌木丛
nether_sprouts,Nether Sprouts,下界苗
grass,Grass,草
short_grass,Short Grass,矮草丛
tall_grass,Tall Grass,高草丛
short_dry_grass,Short Dry Grass,矮枯草丛
tall_dry_grass,Tall Dry Grass,高枯草丛
seagrass,Seagrass,海草
tall_seagrass,Tall Seagrass,高海草
fern,Fern,蕨
potted_fern,Potted Fern,蕨盆栽
large_fern,Large Fern,大型蕨
vine,Vines,藤蔓
small_dripleaf,Small Dripleaf,小型垂滴叶
big_dripleaf,Big Dripleaf,大型垂滴叶
big_dripleaf_stem,Big Dripleaf Stem,大型垂滴叶茎
,,
tube_coral,Tube Coral,管珊瑚
tube_coral_block,Tube Coral Block,管珊瑚块
tube_coral_fan,Tube Coral Fan,管珊瑚扇
tube_coral_wall_fan,Tube Coral Wall Fan,墙上的管珊瑚扇
brain_coral,Brain Coral,脑纹珊瑚
brain_coral_block,Brain Coral Block,脑纹珊瑚块
brain_coral_fan,Brain Coral Fan,脑纹珊瑚扇
brain_coral_wall_fan,Brain Coral Wall Fan,墙上的脑纹珊瑚扇
bubble_coral,Bubble Coral,气泡珊瑚
bubble_coral_block,Bubble Coral Block,气泡珊瑚块
bubble_coral_fan,Bubble Coral Fan,气泡珊瑚扇
bubble_coral_wall_fan,Bubble Coral Wall Fan,墙上的气泡珊瑚扇
fire_coral,Fire Coral,火珊瑚
fire_coral_block,Fire Coral Block,火珊瑚块
fire_coral_fan,Fire Coral Fan,火珊瑚扇
fire_coral_wall_fan,Fire Coral Wall Fan,墙上的火珊瑚扇
horn_coral,Horn Coral,鹿角珊瑚
horn_coral_block,Horn Coral Block,鹿角珊瑚块
horn_coral_fan,Horn Coral Fan,鹿角珊瑚扇
horn_coral_wall_fan,Horn Coral Wall Fan,墙上的鹿角珊瑚扇
,,
dead_tube_coral,Dead Tube Coral,失活的管珊瑚
dead_tube_coral_block,Dead Tube Coral Block,失活的管珊瑚块
dead_tube_coral_fan,Dead Tube Coral Fan,失活的管珊瑚扇
dead_tube_coral_wall_fan,Dead Tube Coral Wall Fan,墙上的失活管珊瑚扇
dead_brain_coral,Dead Brain Coral,失活的脑纹珊瑚
dead_brain_coral_block,Dead Brain Coral Block,失活的脑纹珊瑚块
dead_brain_coral_fan,Dead Brain Coral Fan,失活的脑纹珊瑚扇
dead_brain_coral_wall_fan,Dead Brain Coral Wall Fan,墙上的失活脑纹珊瑚扇
dead_bubble_coral,Dead Bubble Coral,失活的气泡珊瑚
dead_bubble_coral_block,Dead Bubble Coral Block,失活的气泡珊瑚块
dead_bubble_coral_fan,Dead Bubble Coral Fan,失活的气泡珊瑚扇
dead_bubble_coral_wall_fan,Dead Bubble Coral Wall Fan,墙上的失活气泡珊瑚扇
dead_fire_coral,Dead Fire Coral,失活的火珊瑚
dead_fire_coral_block,Dead Fire Coral Block,失活的火珊瑚块
dead_fire_coral_fan,Dead Fire Coral Fan,失活的火珊瑚扇
dead_fire_coral_wall_fan,Dead Fire Coral Wall Fan,墙上的失活火珊瑚扇
dead_horn_coral,Dead Horn Coral,失活的鹿角珊瑚
dead_horn_coral_block,Dead Horn Coral Block,失活的鹿角珊瑚块
dead_horn_coral_fan,Dead Horn Coral Fan,失活的鹿角珊瑚扇
dead_horn_coral_wall_fan,Dead Horn Coral Wall Fan,墙上的失活鹿角珊瑚扇
@items,@Items,@物品
white_dye,White Dye,白色染料
light_gray_dye,Light Gray Dye,淡灰色染料
gray_dye,Gray Dye,灰色染料
black_dye,Black Dye,黑色染料
brown_dye,Brown Dye,棕色染料
red_dye,Red Dye,红色染料
orange_dye,Orange Dye,橙色染料
yellow_dye,Yellow Dye,黄色染料
lime_dye,Lime Dye,黄绿色染料
green_dye,Green Dye,绿色染料
cyan_dye,Cyan Dye,青色染料
light_blue_dye,Light Blue Dye,淡蓝色染料
blue_dye,Blue Dye,蓝色染料
purple_dye,Purple Dye,紫色染料
magenta_dye,Magenta Dye,品红色染料
pink_dye,Pink Dye,粉红色染料
,,
bordure_indented_banner_pattern,Bordure Indented Banner Pattern,波纹边旗帜图案
creeper_banner_pattern,Creeper Charge Banner Pattern,苦力怕盾徽旗帜图案
field_masoned_banner_pattern,Field Masoned Banner Pattern,砖纹旗帜图案
flow_banner_pattern,Flow Banner Pattern,涡流旗帜图案
flower_banner_pattern,Flower Charge Banner Pattern,花朵盾徽旗帜图案
globe_banner_pattern,Globe Banner Pattern,地球旗帜图案
guster_banner_pattern,Guster Banner Pattern,旋风旗帜图案
mojang_banner_pattern,Thing Banner Pattern,Mojang徽标旗帜图案
piglin_banner_pattern,Snout Banner Pattern,猪鼻旗帜图案
skull_banner_pattern,Skull Charge Banner Pattern,头颅盾徽旗帜图案
,,
smithing_template,Smithing Template,锻造模板
netherite_upgrade_smithing_template.new,Netherite Upgrade Smithing Template,下界合金升级锻造模板
bolt_armor_trim_smithing_template.new,Bolt Armor Trim Smithing Template,镶铆盔甲纹饰锻造模板
coast_armor_trim_smithing_template.new,Coast Armor Trim Smithing Template,海岸盔甲纹饰锻造模板
dune_armor_trim_smithing_template.new,Dune Armor Trim Smithing Template,沙丘盔甲纹饰锻造模板
eye_armor_trim_smithing_template.new,Eye Armor Trim Smithing Template,眼眸盔甲纹饰锻造模板
flow_armor_trim_smithing_template.new,Flow Armor Trim Smithing Template,涡流盔甲纹饰锻造模板
host_armor_trim_smithing_template.new,Host Armor Trim Smithing Template,雇主盔甲纹饰锻造模板
raiser_armor_trim_smithing_template.new,Raiser Armor Trim Smithing Template,牧民盔甲纹饰锻造模板
rib_armor_trim_smithing_template.new,Rib Armor Trim Smithing Template,肋骨盔甲纹饰锻造模板
sentry_armor_trim_smithing_template.new,Sentry Armor Trim Smithing Template,哨兵盔甲纹饰锻造模板
shaper_armor_trim_smithing_template.new,Shaper Armor Trim Smithing Template,塑造盔甲纹饰锻造模板
silence_armor_trim_smithing_template.new,Silence Armor Trim Smithing Template,幽静盔甲纹饰锻造模板
snout_armor_trim_smithing_template.new,Snout Armor Trim Smithing Template,猪鼻盔甲纹饰锻造模板
spire_armor_trim_smithing_template.new,Spire Armor Trim Smithing Template,尖塔盔甲纹饰锻造模板
tide_armor_trim_smithing_template.new,Tide Armor Trim Smithing Template,潮汐盔甲纹饰锻造模板
vex_armor_trim_smithing_template.new,Vex Armor Trim Smithing Template,恼鬼盔甲纹饰锻造模板
ward_armor_trim_smithing_template.new,Ward Armor Trim Smithing Template,监守盔甲纹饰锻造模板
wayfinder_armor_trim_smithing_template.new,Wayfinder Armor Trim Smithing Template,向导盔甲纹饰锻造模板
wild_armor_trim_smithing_template.new,Wild Armor Trim Smithing Template,荒野盔甲纹饰锻造模板
,,
angler_pottery_sherd,Angler Pottery Sherd,垂钓纹样陶片
archer_pottery_sherd,Archer Pottery Sherd,弓箭纹样陶片
arms_up_pottery_sherd,Arms Up Pottery Sherd,举臂纹样陶片
blade_pottery_sherd,Blade Pottery Sherd,利刃纹样陶片
brewer_pottery_sherd,Brewer Pottery Sherd,佳酿纹样陶片
burn_pottery_sherd,Burn Pottery Sherd,烈焰纹样陶片
danger_pottery_sherd,Danger Pottery Sherd,危机纹样陶片
explorer_pottery_sherd,Explorer Pottery Sherd,探险纹样陶片
flow_pottery_sherd,Flow Pottery Sherd,涡流纹样陶片
friend_pottery_sherd,Friend Pottery Sherd,挚友纹样陶片
guster_pottery_sherd,Guster Pottery Sherd,旋风纹样陶片
heart_pottery_sherd,Heart Pottery Sherd,爱心纹样陶片
heartbreak_pottery_sherd,Heartbreak Pottery Sherd,心碎纹样陶片
howl_pottery_sherd,Howl Pottery Sherd,狼嚎纹样陶片
miner_pottery_sherd,Miner Pottery Sherd,采矿纹样陶片
mourner_pottery_sherd,Mourner Pottery Sherd,悲恸纹样陶片
plenty_pottery_sherd,Plenty Pottery Sherd,富饶纹样陶片
prize_pottery_sherd,Prize Pottery Sherd,珍宝纹样陶片
scrape_pottery_sherd,Scrape Pottery Sherd,刮削纹样陶片
sheaf_pottery_sherd,Sheaf Pottery Sherd,麦捆纹样陶片
shelter_pottery_sherd,Shelter Pottery Sherd,树荫纹样陶片
skull_pottery_sherd,Skull Pottery Sherd,头颅纹样陶片
snort_pottery_sherd,Snort Pottery Sherd,嗅探纹样陶片
,,
disc_fragment_5,Disc Fragment,唱片残片
music_disc_11,Music Disc,音乐唱片
music_disc_13,Music Disc,音乐唱片
music_disc_5,Music Disc,音乐唱片
music_disc_blocks,Music Disc,音乐唱片
music_disc_cat,Music Disc,音乐唱片
music_disc_chirp,Music Disc,音乐唱片
music_disc_creator,Music Disc,音乐唱片
music_disc_creator_music_box,Music Disc,音乐唱片
music_disc_far,Music Disc,音乐唱片
music_disc_lava_chicken,Music Disc,音乐唱片
music_disc_mall,Music Disc,音乐唱片
music_disc_mellohi,Music Disc,音乐唱片
music_disc_otherside,Music Disc,音乐唱片
music_disc_pigstep,Music Disc,音乐唱片
music_disc_precipice,Music Disc,音乐唱片
music_disc_relic,Music Disc,音乐唱片
music_disc_stal,Music Disc,音乐唱片
music_disc_strad,Music Disc,音乐唱片
music_disc_tears,Music Disc,音乐唱片
music_disc_wait,Music Disc,音乐唱片
music_disc_ward,Music Disc,音乐唱片
,,
cod_bucket,Bucket of Cod,鳕鱼桶
salmon_bucket,Bucket of Salmon,鲑鱼桶
tropical_fish_bucket,Bucket of Tropical Fish,热带鱼桶
pufferfish_bucket,Bucket of Pufferfish,河豚桶
axolotl_bucket,Bucket of Axolotl,美西螈桶
tadpole_bucket,Bucket of Tadpole,蝌蚪桶
,,
stick,Stick,木棍
paper,Paper,纸
nether_brick,Nether Brick,下界砖
brick,Brick,红砖
resin_clump,Resin Clump,树脂团
resin_brick,Resin Brick,树脂砖
snowball,Snowball,雪球
powder_snow_bucket,Powder Snow Bucket,细雪桶
clay_ball,Clay Ball,黏土球
glowstone_dust,Glowstone Dust,荧石粉
charcoal,Charcoal,木炭
flint,Flint,燧石
quartz,Nether Quartz,下界石英
raw_iron,Raw Iron,粗铁
raw_copper,Raw Copper,粗铜
raw_gold,Raw Gold,粗金
iron_nugget,Iron Nugget,铁粒
copper_nugget,Copper Nugget,铜粒
gold_nugget,Gold Nugget,金粒
coal,Coal,煤炭
lapis_lazuli,Lapis Lazuli,青金石
iron_ingot,Iron Ingot,铁锭
copper_ingot,Copper Ingot,铜锭
gold_ingot,Gold Ingot,金锭
diamond,Diamond,钻石
emerald,Emerald,绿宝石
netherite_scrap,Netherite Scrap,下界合金碎片
netherite_ingot,Netherite Ingot,下界合金锭
heart_of_the_sea,Heart of the Sea,海洋之心
,,
bowl,Bowl,碗
bucket,Bucket,铁桶
glass_bottle,Glass Bottle,玻璃瓶
potion,Potion,药水
splash_potion,Splash Potion,喷溅药水
lingering_potion,Lingering Potion,滞留药水
dragon_breath,Dragon's Breath,龙息
book,Book,书
enchanted_book,Enchanted Book,附魔书
writable_book,Book and Quill,书与笔
written_book,Written Book,成书
map,Empty Map,空地图
filled_map,Map,地图
name_tag,Name Tag,命名牌
armor_stand,Armor Stand,盔甲架
end_crystal,End Crystal,末地水晶
painting,Painting,画
item_frame,Item Frame,物品展示框
glow_item_frame,Glow Item Frame,荧光物品展示框
lead,Lead,拴绳
fire_charge,Fire Charge,火焰弹
firework_rocket,Firework Rocket,烟花火箭
firework_star,Firework Star,烟火之星
ender_eye,Eye of Ender,末影之眼
experience_bottle,Bottle o' Enchanting,附魔之瓶
clock,Clock,时钟
compass,Compass,指南针
lodestone_compass,Lodestone Compass,磁石指针
recovery_compass,Recovery Compass,追溯指针
,,
echo_shard,Echo Shard,回响碎片
sugar,Sugar,糖
bread,Bread,面包
pumpkin_pie,Pumpkin Pie,南瓜派
cookie,Cookie,曲奇
apple,Apple,苹果
golden_apple,Golden Apple,金苹果
enchanted_golden_apple,Enchanted Golden Apple,附魔金苹果
golden_carrot,Golden Carrot,金胡萝卜
glistering_melon_slice,Glistering Melon Slice,闪烁的西瓜片
milk_bucket,Milk Bucket,奶桶
honey_bottle,Honey Bottle,蜂蜜瓶
beetroot_soup,Beetroot Soup,甜菜汤
mushroom_stew,Mushroom Stew,蘑菇煲
rabbit_stew,Rabbit Stew,兔肉煲
suspicious_stew,Suspicious Stew,谜之炖菜
leather,Leather,皮革
egg,Egg,鸡蛋
brown_egg,Brown Egg,棕色鸡蛋
blue_egg,Blue Egg,蓝色鸡蛋
feather,Feather,羽毛
rabbit_foot,Rabbit's Foot,兔子脚
rabbit_hide,Rabbit Hide,兔子皮
goat_horn,Goat Horn,山羊角
honeycomb,Honeycomb,蜜脾
armadillo_scute,Armadillo Scute,犰狳鳞甲
scute,Scute,鳞甲
ink_sac,Ink Sac,墨囊
glow_ink_sac,Glow Ink Sac,荧光墨囊
turtle_scute,Turtle Scute,海龟鳞甲
porkchop,Raw Porkchop,生猪排
beef,Raw Beef,生牛肉
mutton,Raw Mutton,生羊肉
chicken,Raw Chicken,生鸡肉
rabbit,Raw Rabbit,生兔肉
cooked_porkchop,Cooked Porkchop,熟猪排
cooked_beef,Steak,牛排
cooked_mutton,Cooked Mutton,熟羊肉
cooked_chicken,Cooked Chicken,熟鸡肉
cooked_rabbit,Cooked Rabbit,熟兔肉
cod,Raw Cod,生鳕鱼
cooked_cod,Cooked Cod,熟鳕鱼
salmon,Raw Salmon,生鲑鱼
cooked_salmon,Cooked Salmon,熟鲑鱼
tropical_fish,Tropical Fish,热带鱼
pufferfish,Pufferfish,河豚
,,
rotten_flesh,Rotten Flesh,腐肉
gunpowder,Gunpowder,火药
arrow,Arrow,箭
spectral_arrow,Spectral Arrow,光灵箭
tipped_arrow,Tipped Arrow,药箭
bone,Bone,骨头
bone_meal,Bone Meal,骨粉
spider_eye,Spider Eye,蜘蛛眼
fermented_spider_eye,Fermented Spider Eye,发酵蛛眼
slime_ball,Slimeball,黏液球
prismarine_crystals,Prismarine Crystals,海晶砂粒
prismarine_shard,Prismarine Shard,海晶碎片
phantom_membrane,Phantom Membrane,幻翼膜
nautilus_shell,Nautilus Shell,鹦鹉螺壳
ghast_tear,Ghast Tear,恶魂之泪
blaze_rod,Blaze Rod,烈焰棒
blaze_powder,Blaze Powder,烈焰粉
magma_cream,Magma Cream,岩浆膏
nether_star,Nether Star,下界之星
ender_pearl,Ender Pearl,末影珍珠
shulker_shell,Shulker Shell,潜影壳
wind_charge,Wind Charge,风弹
breeze_rod,Breeze Rod,旋风棒
ominous_bottle,Ominous Bottle,不祥之瓶
trial_key,Trial Key,试炼钥匙
ominous_trial_key,Ominous Trial Key,不祥试炼钥匙
@equipments,@Equipments,@装备
bundle,Bundle,收纳袋
white_bundle,White Bundle,白色收纳袋
light_gray_bundle,Light Gray Bundle,淡灰色收纳袋
gray_bundle,Gray Bundle,灰色收纳袋
black_bundle,Black Bundle,黑色收纳袋
brown_bundle,Brown Bundle,棕色收纳袋
red_bundle,Red Bundle,红色收纳袋
orange_bundle,Orange Bundle,橙色收纳袋
yellow_bundle,Yellow Bundle,黄色收纳袋
lime_bundle,Lime Bundle,黄绿色收纳袋
green_bundle,Green Bundle,绿色收纳袋
cyan_bundle,Cyan Bundle,青色收纳袋
light_blue_bundle,Light Blue Bundle,淡蓝色收纳袋
blue_bundle,Blue Bundle,蓝色收纳袋
purple_bundle,Purple Bundle,紫色收纳袋
magenta_bundle,Magenta Bundle,品红色收纳袋
pink_bundle,Pink Bundle,粉红色收纳袋
,,
harness,Harness,挽具
white_harness,White Harness,白色挽具
light_gray_harness,Light Gray Harness,淡灰色挽具
gray_harness,Gray Harness,灰色挽具
black_harness,Black Harness,黑色挽具
brown_harness,Brown Harness,棕色挽具
red_harness,Red Harness,红色挽具
orange_harness,Orange Harness,橙色挽具
yellow_harness,Yellow Harness,黄色挽具
lime_harness,Lime Harness,黄绿色挽具
green_harness,Green Harness,绿色挽具
cyan_harness,Cyan Harness,青色挽具
light_blue_harness,Light Blue Harness,淡蓝色挽具
blue_harness,Blue Harness,蓝色挽具
purple_harness,Purple Harness,紫色挽具
magenta_harness,Magenta Harness,品红色挽具
pink_harness,Pink Harness,粉红色挽具
,,
elytra,Elytra,鞘翅
saddle,Saddle,鞍
turtle_helmet,Turtle Shell,海龟壳
trident,Trident,三叉戟
bow,Bow,弓
crossbow,Crossbow,弩
mace,Mace,重锤
shield,Shield,盾牌
totem_of_undying,Totem of Undying,不死图腾
,,
wolf_armor,Wolf Armor,狼铠
leather_horse_armor,Leather Horse Armor,皮革马铠
iron_horse_armor,Iron Horse Armor,铁马铠
copper_horse_armor,Copper Horse Armor,铜马铠
golden_horse_armor,Golden Horse Armor,金马铠
diamond_horse_armor,Diamond Horse Armor,钻石马铠
,,
leather_boots,Leather Boots,皮革靴子
leather_chestplate,Leather Tunic,皮革外套
leather_helmet,Leather Cap,皮革帽子
leather_leggings,Leather Pants,皮革裤子
,,
copper_helmet,Copper Helmet,铜头盔
copper_chestplate,Copper Chestplate,铜胸甲
copper_leggings,Copper Leggings,铜护腿
copper_boots,Copper Boots,铜靴子
,,
golden_helmet,Golden Helmet,金头盔
golden_chestplate,Golden Chestplate,金胸甲
golden_leggings,Golden Leggings,金护腿
golden_boots,Golden Boots,金靴子
,,
chainmail_helmet,Chainmail Helmet,锁链头盔
chainmail_chestplate,Chainmail Chestplate,锁链胸甲
chainmail_leggings,Chainmail Leggings,锁链护腿
chainmail_boots,Chainmail Boots,锁链靴子
,,
iron_helmet,Iron Helmet,铁头盔
iron_chestplate,Iron Chestplate,铁胸甲
iron_leggings,Iron Leggings,铁护腿
iron_boots,Iron Boots,铁靴子
,,
diamond_helmet,Diamond Helmet,钻石头盔
diamond_chestplate,Diamond Chestplate,钻石胸甲
diamond_leggings,Diamond Leggings,钻石护腿
diamond_boots,Diamond Boots,钻石靴子
,,
netherite_helmet,Netherite Helmet,下界合金头盔
netherite_chestplate,Netherite Chestplate,下界合金胸甲
netherite_leggings,Netherite Leggings,下界合金护腿
netherite_boots,Netherite Boots,下界合金靴子
,,
flint_and_steel,Flint and Steel,打火石
shears,Shears,剪刀
brush,Brush,刷子
fishing_rod,Fishing Rod,钓鱼竿
carrot_on_a_stick,Carrot on a Stick,胡萝卜钓竿
warped_fungus_on_a_stick,Warped Fungus on a Stick,诡异菌钓竿
spyglass,Spyglass,望远镜
,,
wooden_pickaxe,Wooden Pickaxe,木镐
wooden_axe,Wooden Axe,木斧
wooden_shovel,Wooden Shovel,木锹
wooden_hoe,Wooden Hoe,木锄
wooden_sword,Wooden Sword,木剑
,,
stone_pickaxe,Stone Pickaxe,石镐
stone_axe,Stone Axe,石斧
stone_shovel,Stone Shovel,石锹
stone_hoe,Stone Hoe,石锄
stone_sword,Stone Sword,石剑
,,
copper_pickaxe,Copper Pickaxe,铜镐
copper_axe,Copper Axe,铜斧
copper_shovel,Copper Shovel,铜锹
copper_hoe,Copper Hoe,铜锄
copper_sword,Copper Sword,铜剑
,,
iron_pickaxe,Iron Pickaxe,铁镐
iron_axe,Iron Axe,铁斧
iron_shovel,Iron Shovel,铁锹
iron_hoe,Iron Hoe,铁锄
iron_sword,Iron Sword,铁剑
,,
diamond_pickaxe,Diamond Pickaxe,钻石镐
diamond_axe,Diamond Axe,钻石斧
diamond_shovel,Diamond Shovel,钻石锹
diamond_hoe,Diamond Hoe,钻石锄
diamond_sword,Diamond Sword,钻石剑
,,
netherite_pickaxe,Netherite Pickaxe,下界合金镐
netherite_axe,Netherite Axe,下界合金斧
netherite_shovel,Netherite Shovel,下界合金锹
netherite_hoe,Netherite Hoe,下界合金锄
netherite_sword,Netherite Sword,下界合金剑
,,
golden_pickaxe,Golden Pickaxe,金镐
golden_axe,Golden Axe,金斧
golden_shovel,Golden Shovel,金锹
golden_hoe,Golden Hoe,金锄
golden_sword,Golden Sword,金剑
@illegals,@Illegals,@非法方块
infested_cobblestone,Infested Cobblestone,虫蚀圆石
infested_mossy_stone_bricks,Infested Mossy Stone Bricks,虫蚀苔石砖
infested_stone,Infested Stone,虫蚀石头
infested_stone_bricks,Infested Stone Bricks,虫蚀石砖
infested_chiseled_stone_bricks,Infested Chiseled Stone Bricks,虫蚀雕纹石砖
infested_cracked_stone_bricks,Infested Cracked Stone Bricks,虫蚀裂纹石砖
infested_deepslate,Infested Deepslate,虫蚀深板岩
reinforced_deepslate,Reinforced Deepslate,强化深板岩
frosted_ice,Frosted Ice,霜冰
fire,Fire,火
soul_fire,Soul Fire,灵魂火
bedrock,Bedrock,基岩
budding_amethyst,Budding Amethyst,紫水晶母岩
chorus_plant,Chorus Plant,紫颂植株
frogspawn,Frogspawn,青蛙卵
piston_head,Piston Head,活塞头
moving_piston,Moving Piston,移动的活塞
nether_portal,Nether Portal,下界传送门
end_portal_frame,End Portal Frame,末地传送门框架
end_portal,End Portal,末地传送门
end_gateway,End Gateway,末地折跃门
trial_spawner,Trial Spawner,试炼刷怪笼
spawner,Monster Spawner,刷怪笼
vault,Vault,宝库
,,
player_head,Player Head,玩家的头
player_wall_head,Player Wall Head,墙上的玩家的头
petrified_oak_slab,Petrified Oak Slab,石化橡木台阶
knowledge_book,Knowledge Book,知识之书
barrier,Barrier,屏障
command_block,Command Block,命令方块
chain_command_block,Chain Command Block,连锁型命令方块
repeating_command_block,Repeating Command Block,循环型命令方块
structure_block,Structure Block,结构方块
structure_void,Structure Void,结构空位
jigsaw,Jigsaw Block,拼图方块
light,Light,光源方块
test_block,Test Block,测试方块
test_instance_block,Test Instance Block,测试实例方块
command_block_minecart,Minecart with Command Block,命令方块矿车
spawner_minecart,Minecart with Monster Spawner,刷怪笼矿车
debug_stick,Debug Stick,调试棒
,,
copper_block,Block of Copper,铜块
cut_copper,Cut Copper,切制铜块
cut_copper_slab,Cut Copper Slab,切制铜台阶
cut_copper_stairs,Cut Copper Stairs,切制铜楼梯
chiseled_copper,Chiseled Copper,雕纹铜块
copper_grate,Copper Grate,铜格栅
copper_bulb,Copper Bulb,铜灯
copper_trapdoor,Copper Trapdoor,铜活板门
copper_door,Copper Door,铜门
copper_chest,Copper Chest,铜箱子
,,
exposed_copper,Exposed Copper,斑驳的铜块
exposed_cut_copper,Exposed Cut Copper,斑驳的切制铜块
exposed_cut_copper_slab,Exposed Cut Copper Slab,斑驳的切制铜台阶
exposed_cut_copper_stairs,Exposed Cut Copper Stairs,斑驳的切制铜楼梯
exposed_chiseled_copper,Exposed Chiseled Copper,斑驳的雕纹铜块
exposed_copper_grate,Exposed Copper Grate,斑驳的铜格栅
exposed_copper_bulb,Exposed Copper Bulb,斑驳的铜灯
exposed_copper_trapdoor,Exposed Copper Trapdoor,斑驳的铜活板门
exposed_copper_door,Exposed Copper Door,斑驳的铜门
exposed_copper_chest,Exposed Copper Chest,斑驳的铜箱子
,,
weathered_copper,Weathered Copper,锈蚀的铜块
weathered_cut_copper,Weathered Cut Copper,锈蚀的切制铜块
weathered_cut_copper_slab,Weathered Cut Copper Slab,锈蚀的切制铜台阶
weathered_cut_copper_stairs,Weathered Cut Copper Stairs,锈蚀的切制铜楼梯
weathered_chiseled_copper,Weathered Chiseled Copper,锈蚀的雕纹铜块
weathered_copper_grate,Weathered Copper Grate,锈蚀的铜格栅
weathered_copper_bulb,Weathered Copper Bulb,锈蚀的铜灯
weathered_copper_trapdoor,Weathered Copper Trapdoor,锈蚀的铜活板门
weathered_copper_door,Weathered Copper Door,锈蚀的铜门
weathered_copper_chest,Weathered Copper Chest,锈蚀的铜箱子
,,
oxidized_copper,Oxidized Copper,氧化的铜块
oxidized_cut_copper,Oxidized Cut Copper,氧化的切制铜块
oxidized_cut_copper_slab,Oxidized Cut Copper Slab,氧化的切制铜台阶
oxidized_cut_copper_stairs,Oxidized Cut Copper Stairs,氧化的切制铜楼梯
oxidized_chiseled_copper,Oxidized Chiseled Copper,氧化的雕纹铜块
oxidized_copper_grate,Oxidized Copper Grate,氧化的铜格栅
oxidized_copper_bulb,Oxidized Copper Bulb,氧化的铜灯
oxidized_copper_trapdoor,Oxidized Copper Trapdoor,氧化的铜活板门
oxidized_copper_door,Oxidized Copper Door,氧化的铜门
oxidized_copper_chest,Oxidized Copper Chest,氧化的铜箱子
@entities,@Entities,@实体
minecart,Minecart,矿车
hopper_minecart,Minecart with Hopper,漏斗矿车
chest_minecart,Minecart with Chest,运输矿车
furnace_minecart,Minecart with Furnace,动力矿车
tnt_minecart,Minecart with TNT,TNT矿车
,,
boat,Boat,船
chest_boat,Boat with Chest,运输船
cherry_boat,Cherry Boat,樱花木船
cherry_chest_boat,Cherry Boat with Chest,樱花木运输船
acacia_boat,Acacia Boat,金合欢木船
acacia_chest_boat,Acacia Boat with Chest,金合欢木运输船
pale_oak_boat,Pale Oak Boat,苍白橡木船
pale_oak_chest_boat,Pale Oak Boat with Chest,苍白橡木运输船
birch_boat,Birch Boat,白桦木船
birch_chest_boat,Birch Boat with Chest,白桦木运输船
oak_boat,Oak Boat,橡木船
oak_chest_boat,Oak Boat with Chest,橡木运输船
jungle_boat,Jungle Boat,丛林木船
jungle_chest_boat,Jungle Boat with Chest,丛林木运输船
spruce_boat,Spruce Boat,云杉木船
spruce_chest_boat,Spruce Boat with Chest,云杉木运输船
dark_oak_boat,Dark Oak Boat,深色橡木船
dark_oak_chest_boat,Dark Oak Boat with Chest,深色橡木运输船
mangrove_boat,Mangrove Boat,红树木船
mangrove_chest_boat,Mangrove Boat with Chest,红树木运输船
bamboo_raft,Bamboo Raft,竹筏
bamboo_chest_raft,Bamboo Raft with Chest,运输竹筏
,,
player,Player,玩家
armor_stand,Armor Stand,盔甲架
allay,Allay,悦灵
armadillo,Armadillo,犰狳
axolotl,Axolotl,美西螈
bat,Bat,蝙蝠
bee,Bee,蜜蜂
blaze,Blaze,烈焰人
bogged,Bogged,沼骸
breeze,Breeze,旋风人
camel,Camel,骆驼
cat,Cat,猫
cave_spider,Cave Spider,洞穴蜘蛛
chest_boat,Boat with Chest,运输船
chicken,Chicken,鸡
cod,Cod,鳕鱼
cow,Cow,牛
creaking,Creaking,嘎枝
creaking_transient,Creaking,嘎枝
creeper,Creeper,苦力怕
dolphin,Dolphin,海豚
donkey,Donkey,驴
drowned,Drowned,溺尸
elder_guardian,Elder Guardian,远古守卫者
ender_dragon,Ender Dragon,末影龙
enderman,Enderman,末影人
endermite,Endermite,末影螨
evoker,Evoker,唤魔者
fox,Fox,狐狸
frog,Frog,青蛙
ghast,Ghast,恶魂
giant,Giant,巨人
glow_squid,Glow Squid,发光鱿鱼
goat,Goat,山羊
guardian,Guardian,守卫者
happy_ghast,Happy Ghast,快乐恶魂
hoglin,Hoglin,疣猪兽
horse,Horse,马
husk,Husk,尸壳
illusioner,Illusioner,幻术师
iron_golem,Iron Golem,铁傀儡
killer_bunny,The Killer Bunny,杀手兔
llama,Llama,羊驼
magma_cube,Magma Cube,岩浆怪
mooshroom,Mooshroom,哞菇
mule,Mule,骡
ocelot,Ocelot,豹猫
panda,Panda,熊猫
parrot,Parrot,鹦鹉
phantom,Phantom,幻翼
pig,Pig,猪
piglin,Piglin,猪灵
piglin_brute,Piglin Brute,猪灵蛮兵
pillager,Pillager,掠夺者
polar_bear,Polar Bear,北极熊
pufferfish,Pufferfish,河豚
rabbit,Rabbit,兔子
ravager,Ravager,劫掠兽
salmon,Salmon,鲑鱼
sheep,Sheep,绵羊
shulker,Shulker,潜影贝
silverfish,Silverfish,蠹虫
skeleton,Skeleton,骷髅
skeleton_horse,Skeleton Horse,骷髅马
slime,Slime,史莱姆
sniffer,Sniffer,嗅探兽
snow_golem,Snow Golem,雪傀儡
spider,Spider,蜘蛛
squid,Squid,鱿鱼
stray,Stray,流浪者
strider,Strider,炽足兽
tadpole,Tadpole,蝌蚪
trader_llama,Trader Llama,行商羊驼
tropical_fish,Tropical Fish,热带鱼
turtle,Turtle,海龟
vex,Vex,恼鬼
villager,Villager,村民
vindicator,Vindicator,卫道士
wandering_trader,Wandering Trader,流浪商人
warden,Warden,监守者
witch,Witch,女巫
wither,Wither,凋灵
wither_skeleton,Wither Skeleton,凋灵骷髅
wolf,Wolf,狼
zoglin,Zoglin,僵尸疣猪兽
zombie,Zombie,僵尸
zombie_horse,Zombie Horse,僵尸马
zombie_villager,Zombie Villager,僵尸村民
zombified_piglin,Zombified Piglin,僵尸猪灵
,,
lightning_bolt,Lightning Bolt,闪电束
falling_block,Falling Block,下落的方块
falling_block_type,Falling %s,下落的%s
end_crystal,End Crystal,末地水晶
area_effect_cloud,Area Effect Cloud,区域效果云
experience_orb,Experience Orb,经验球
item_frame,Item Frame,物品展示框
glow_item_frame,Glow Item Frame,荧光物品展示框
painting,Painting,画
leash_knot,Leash Knot,拴绳结
tnt,Primed TNT,被激活的TNT
interaction,Interaction,交互实体
block_display,Block Display,方块展示实体
item_display,Item Display,物品展示实体
text_display,Text Display,文本展示实体
item,Item,物品
marker,Marker,标记
firework_rocket,Firework Rocket,烟花火箭
arrow,Arrow,箭
spectral_arrow,Spectral Arrow,光灵箭
trident,Trident,三叉戟
shulker_bullet,Shulker Bullet,潜影弹
fishing_bobber,Fishing Bobber,浮漂
llama_spit,Llama Spit,羊驼唾沫
small_fireball,Small Fireball,小火球
fireball,Fireball,火球
dragon_fireball,Dragon Fireball,末影龙火球
wind_charge,Wind Charge,风弹
breeze_wind_charge,Wind Charge,风弹
wither_skull,Wither Skull,凋灵之首
egg,Thrown Egg,掷出的鸡蛋
ender_pearl,Thrown Ender Pearl,掷出的末影珍珠
experience_bottle,Thrown Bottle o' Enchanting,掷出的附魔之瓶
snowball,Snowball,雪球
potion,Potion,药水
splash_potion,Splash Potion,喷溅药水
lingering_potion,Lingering Potion,滞留药水
ominous_item_spawner,Ominous Item Spawner,不祥之物生成器
evoker_fangs,Evoker Fangs,唤魔者尖牙
eye_of_ender,Eye of Ender,末影之眼
@template_missing_items,@Template missing items,@模板缺失的项目
